{
  "idx2token": [
    "w",
    "a",
    "s",
    "'",
    "d",
    "b",
    "<EOS>",
    "n",
    "-",
    "c",
    "m",
    "l",
    "t",
    "z",
    "v",
    "<PAD>",
    ".",
    "j",
    "<BOS>",
    "p",
    "y",
    "u",
    "i",
    "e",
    "q",
    "h",
    "o",
    "<UNK>",
    "r",
    "f",
    "g",
    "x",
    "k"
  ],
  "special_tokens": [
    "<PAD>",
    "<BOS>",
    "<UNK>",
    "<EOS>"
  ],
  "token2idx": {
    "w": 0,
    "a": 1,
    "s": 2,
    "'": 3,
    "d": 4,
    "b": 5,
    "<EOS>": 6,
    "n": 7,
    "-": 8,
    "c": 9,
    "m": 10,
    "l": 11,
    "t": 12,
    "z": 13,
    "v": 14,
    "<PAD>": 15,
    ".": 16,
    "j": 17,
    "<BOS>": 18,
    "p": 19,
    "y": 20,
    "u": 21,
    "i": 22,
    "e": 23,
    "q": 24,
    "h": 25,
    "o": 26,
    "<UNK>": 27,
    "r": 28,
    "f": 29,
    "g": 30,
    "x": 31,
    "k": 32
  }
}